suite,profile,active_probability,method,trials,success_rate,mean_total_cost,median_total_cost,p25_total_cost,p75_total_cost,mean_invalid_executions,mean_edge_checks,mean_expansions,mean_probes,mean_attempts,mean_active_family_count
main_scaling,baseline,0.00,acs,72,1.0,20.15246427777778,20.0664985,19.4899685,20.60861725,0.0,0.0,134.63888888888889,8.0,1.0,0.0
main_scaling,baseline,0.00,acs_path_checked,72,1.0,21.77246427777778,21.6864985,21.1099685,22.22861725,0.0,9.0,134.63888888888889,8.0,1.0,0.0
main_scaling,baseline,0.00,blind_repair,72,1.0,15.752464277777781,15.6664985,15.0899685,16.20861725,0.0,0.0,134.63888888888889,0.0,1.0,0.0
main_scaling,baseline,0.00,edge_verifier,72,1.0,128.38996427777778,128.91082699999998,126.4245625,130.27600275,0.0,625.7638888888889,134.63888888888889,0.0,1.0,0.0
main_scaling,baseline,0.00,family_repair,72,1.0,15.752464277777781,15.6664985,15.0899685,16.20861725,0.0,0.0,134.63888888888889,0.0,1.0,0.0
main_scaling,baseline,0.00,lazy_path_verifier,72,1.0,17.37246427777777,17.2864985,16.7099685,17.82861725,0.0,9.0,134.63888888888889,0.0,1.0,0.0
main_scaling,baseline,0.00,oracle_signature,72,1.0,15.752464277777781,15.6664985,15.0899685,16.20861725,0.0,0.0,134.63888888888889,0.0,1.0,0.0
main_scaling,baseline,0.05,acs,72,1.0,20.645656208333335,20.391268500000002,20.0385615,21.363940250000002,0.0,0.0,134.01388888888889,8.0,1.0,0.4722222222222222
main_scaling,baseline,0.05,acs_path_checked,72,1.0,22.265656208333333,22.0112685,21.6585615,22.983940249999996,0.0,9.0,134.01388888888889,8.0,1.0,0.4722222222222222
main_scaling,baseline,0.05,blind_repair,72,1.0,38.436489541666646,16.260884500000003,15.70451175,36.83411575,1.0,0.0,273.7083333333333,0.0,2.0,0.4722222222222222
main_scaling,baseline,0.05,edge_verifier,72,1.0,127.13315620833333,128.2593775,124.26909325,130.20983074999998,0.0,616.0416666666666,134.01388888888889,0.0,1.0,0.4722222222222222
main_scaling,baseline,0.05,family_repair,72,1.0,22.711906208333335,16.260884500000003,15.70451175,36.65411575,0.2916666666666667,0.0,174.55555555555554,0.0,1.2916666666666667,0.4722222222222222
main_scaling,baseline,0.05,lazy_path_verifier,72,1.0,22.876489541666658,17.8808845,17.32451175,21.9288815,0.0,13.555555555555555,273.7083333333333,0.0,2.0,0.4722222222222222
main_scaling,baseline,0.05,oracle_signature,72,1.0,16.245656208333326,15.9912685,15.6385615,16.96394025,0.0,0.0,134.01388888888889,0.0,1.0,0.4722222222222222
main_scaling,baseline,0.10,acs,72,1.0,20.49669791666667,20.4896955,19.693614,21.19450125,0.0,0.0,130.31944444444446,8.0,1.0,0.7777777777777778
main_scaling,baseline,0.10,acs_path_checked,72,1.0,22.116697916666663,22.1096955,21.313613999999998,22.81450125,0.0,9.0,130.31944444444446,8.0,1.0,0.7777777777777778
main_scaling,baseline,0.10,blind_repair,72,1.0,63.001281249999984,16.83253,15.556421,60.699290500000004,2.111111111111111,0.0,427.1388888888889,0.0,3.111111111111111,0.7777777777777778
main_scaling,baseline,0.10,edge_verifier,72,1.0,125.18419791666669,126.27879250000001,122.2175395,130.177949,0.0,606.0416666666666,130.31944444444446,0.0,1.0,0.7777777777777778
main_scaling,baseline,0.10,family_repair,72,1.0,28.96669791666666,16.83253,15.556421,38.3870955,0.5833333333333334,0.0,209.31944444444446,0.0,1.5833333333333333,0.7777777777777778
main_scaling,baseline,0.10,lazy_path_verifier,72,1.0,28.511281249999993,18.45253,17.176420999999998,27.90127875,0.0,19.5,427.1388888888889,0.0,3.111111111111111,0.7777777777777778
main_scaling,baseline,0.10,oracle_signature,72,1.0,16.09669791666666,16.089695499999998,15.293614,16.79450125,0.0,0.0,130.31944444444446,0.0,1.0,0.7777777777777778
main_scaling,baseline,0.20,acs,72,1.0,21.944402999999998,21.024314500000003,20.06464625,22.64943975,0.0,0.0,123.56944444444444,8.0,1.0,1.7638888888888888
main_scaling,baseline,0.20,acs_path_checked,72,1.0,23.564403000000013,22.6443145,21.68464625,24.269439750000004,0.0,9.0,123.56944444444444,8.0,1.0,1.7638888888888888
main_scaling,baseline,0.20,blind_repair,72,1.0,216.85815299999993,117.9685945,38.854538500000004,261.32359649999995,9.041666666666666,0.0,1342.361111111111,0.0,10.041666666666666,1.7638888888888888
main_scaling,baseline,0.20,edge_verifier,72,1.0,119.96940300000003,122.069286,113.58356025,126.39371225000001,0.0,569.0277777777778,123.56944444444444,0.0,1.0,1.7638888888888888
main_scaling,baseline,0.20,family_repair,72,1.0,49.8535696666667,39.404722,37.62059549999999,62.014526249999996,1.4722222222222223,0.0,317.2083333333333,0.0,2.4722222222222223,1.7638888888888888
main_scaling,baseline,0.20,lazy_path_verifier,72,1.0,63.295653000000016,39.151971,23.0595385,74.1235965,0.0,51.041666666666664,1342.361111111111,0.0,10.041666666666666,1.7638888888888888
main_scaling,baseline,0.20,oracle_signature,72,1.0,17.544403000000003,16.6243145,15.664646249999999,18.24943975,0.0,0.0,123.56944444444444,0.0,1.0,1.7638888888888888
main_scaling,baseline,0.35,acs,72,1.0,23.29297218055555,21.965119,20.64405275,24.647485500000002,0.0,0.0,116.72222222222223,8.0,1.0,2.75
main_scaling,baseline,0.35,acs_path_checked,72,1.0,24.912972180555553,23.585119,22.26405275,26.2674855,0.0,9.0,116.72222222222223,8.0,1.0,2.75
main_scaling,baseline,0.35,blind_repair,72,1.0,489.6958888472219,229.86221949999998,77.51112925000001,762.26755,21.375,0.0,2985.152777777778,0.0,22.375,2.75
main_scaling,baseline,0.35,edge_verifier,72,1.0,115.56797218055557,120.155923,108.23546999999999,125.1082465,0.0,537.0833333333334,116.72222222222223,0.0,1.0,2.75
main_scaling,baseline,0.35,family_repair,72,1.0,71.12547218055555,61.545119,38.94303175,106.17866575,2.388888888888889,0.0,424.47222222222223,0.0,3.388888888888889,2.75
main_scaling,baseline,0.35,lazy_path_verifier,72,1.0,125.14338884722224,68.1406695,31.74612925,184.33254999999997,0.0,112.20833333333333,2985.152777777778,0.0,22.375,2.75
main_scaling,baseline,0.35,oracle_signature,72,1.0,18.892972180555557,17.565119,16.24405275,20.247485500000003,0.0,0.0,116.72222222222223,0.0,1.0,2.75
main_scaling,baseline,0.50,acs,72,1.0,27.453676944444446,24.176438500000003,22.31456825,29.615105749999998,0.0,0.0,105.01388888888889,8.0,1.0,4.0
main_scaling,baseline,0.50,acs_path_checked,72,1.0,29.07367694444445,25.7964385,23.934568249999998,31.23510575,0.0,9.0,105.01388888888889,8.0,1.0,4.0
main_scaling,baseline,0.50,blind_repair,72,1.0,883.3103436111112,614.8973045,240.4907165,1418.4864939999998,39.52777777777778,0.0,5063.569444444444,0.0,40.52777777777778,4.0
main_scaling,baseline,0.50,edge_verifier,72,1.0,109.19117694444441,113.618642,98.67903575,121.47812124999999,0.0,478.5416666666667,105.01388888888889,0.0,1.0,4.0
main_scaling,baseline,0.50,family_repair,72,1.0,97.4890936111111,90.231421,63.147164749999995,127.0111065,3.4166666666666665,0.0,536.1944444444445,0.0,4.416666666666667,4.0
main_scaling,baseline,0.50,lazy_path_verifier,72,1.0,208.4253436111111,153.8273045,65.49029225,327.26526375000003,0.0,203.41666666666666,5063.569444444444,0.0,40.52777777777778,4.0
main_scaling,baseline,0.50,oracle_signature,72,1.0,23.053676944444447,19.776438499999998,17.91456825,25.215105750000003,0.0,0.0,105.01388888888889,0.0,1.0,4.0
main_scaling,baseline,0.65,acs,72,1.0,33.14941975000002,31.027075500000002,25.635121749999996,37.19935925,0.0,0.0,89.65277777777777,8.0,1.0,5.208333333333333
main_scaling,baseline,0.65,acs_path_checked,72,1.0,34.76941975,32.6470755,27.25512175,38.81935925,0.0,9.0,89.65277777777777,8.0,1.0,5.208333333333333
main_scaling,baseline,0.65,blind_repair,72,1.0,1442.3565030833333,1354.1457930000001,915.2787864999999,2045.43168875,65.375,0.0,7984.888888888889,0.0,66.375,5.208333333333333
main_scaling,baseline,0.65,edge_verifier,72,1.0,101.52441974999998,103.48882499999999,91.48332325000001,110.59449675000002,0.0,404.30555555555554,89.65277777777777,0.0,1.0,5.208333333333333
main_scaling,baseline,0.65,family_repair,72,1.0,133.79900308333336,135.1392765,108.51103875000001,160.938014,4.875,0.0,666.3055555555555,0.0,5.875,5.208333333333333
main_scaling,baseline,0.65,lazy_path_verifier,72,1.0,325.8515030833333,288.297902,211.56339099999997,453.306421,0.0,334.69444444444446,7984.888888888889,0.0,66.375,5.208333333333333
main_scaling,baseline,0.65,oracle_signature,72,1.0,28.74941974999999,26.6270755,21.23512175,32.799359249999995,0.0,0.0,89.65277777777777,0.0,1.0,5.208333333333333
main_scaling,baseline,0.80,acs,72,1.0,41.2398681111111,37.8670125,32.2028765,48.83932575,0.0,0.0,70.72222222222223,8.0,1.0,6.347222222222222
main_scaling,baseline,0.80,acs_path_checked,72,1.0,42.859868111111126,39.487012500000006,33.82287650000001,50.45932575,0.0,9.0,70.72222222222223,8.0,1.0,6.347222222222222
main_scaling,baseline,0.80,blind_repair,72,1.0,1823.360701444445,1786.1463105,1335.8165985,2420.65156175,83.47222222222223,0.0,9538.083333333334,0.0,84.47222222222223,6.347222222222222
main_scaling,baseline,0.80,edge_verifier,72,1.0,93.62736811111111,92.5909695,83.45016600000001,101.92406474999999,0.0,315.4861111111111,70.72222222222223,0.0,1.0,6.347222222222222
main_scaling,baseline,0.80,family_repair,72,1.0,160.01278477777777,159.578295,138.10931575,183.01446025,5.763888888888889,0.0,718.1527777777778,0.0,6.763888888888889,6.347222222222222
main_scaling,baseline,0.80,lazy_path_verifier,72,1.0,396.48070144444455,377.9111785,296.28612825,516.415973,0.0,420.1111111111111,9538.083333333334,0.0,84.47222222222223,6.347222222222222
main_scaling,baseline,0.80,oracle_signature,72,1.0,36.83986811111111,33.467012499999996,27.8028765,44.43932575,0.0,0.0,70.72222222222223,0.0,1.0,6.347222222222222
main_scaling,deep_sparse,0.00,acs,48,1.0,29.52441097916666,29.1882365,28.457886249999998,30.4349855,0.0,0.0,172.60416666666666,8.0,1.0,0.0
main_scaling,deep_sparse,0.00,acs_path_checked,48,1.0,32.04441097916667,31.708236499999998,30.977886249999997,32.9549855,0.0,14.0,172.60416666666666,8.0,1.0,0.0
main_scaling,deep_sparse,0.00,blind_repair,48,1.0,25.124410979166672,24.7882365,24.057886250000003,26.0349855,0.0,0.0,172.60416666666666,0.0,1.0,0.0
main_scaling,deep_sparse,0.00,edge_verifier,48,1.0,143.26441097916666,144.08241850000002,140.83353400000001,145.6911345,0.0,656.3333333333334,172.60416666666666,0.0,1.0,0.0
main_scaling,deep_sparse,0.00,family_repair,48,1.0,25.124410979166672,24.7882365,24.057886250000003,26.0349855,0.0,0.0,172.60416666666666,0.0,1.0,0.0
main_scaling,deep_sparse,0.00,lazy_path_verifier,48,1.0,27.644410979166675,27.3082365,26.57788625,28.554985499999997,0.0,14.0,172.60416666666666,0.0,1.0,0.0
main_scaling,deep_sparse,0.00,oracle_signature,48,1.0,25.124410979166672,24.7882365,24.057886250000003,26.0349855,0.0,0.0,172.60416666666666,0.0,1.0,0.0
main_scaling,deep_sparse,0.05,acs,48,1.0,29.386955125000004,29.210618,28.219802,30.47587825,0.0,0.0,169.08333333333334,8.0,1.0,0.3958333333333333
main_scaling,deep_sparse,0.05,acs_path_checked,48,1.0,31.906955125,31.730618,30.739802,32.99587825,0.0,14.0,169.08333333333334,8.0,1.0,0.3958333333333333
main_scaling,deep_sparse,0.05,blind_repair,48,1.0,80.67258012500001,25.1753155,23.92002425,76.96797375,2.3958333333333335,0.0,587.7708333333334,0.0,3.3958333333333335,0.3958333333333333
main_scaling,deep_sparse,0.05,edge_verifier,48,1.0,141.80695512499997,142.2978155,139.71503875000002,143.95399799999998,0.0,649.0,169.08333333333334,0.0,1.0,0.3958333333333333
main_scaling,deep_sparse,0.05,family_repair,48,1.0,33.65633012500001,25.1753155,23.92002425,47.43761975,0.375,0.0,233.0625,0.0,1.375,0.3958333333333333
main_scaling,deep_sparse,0.05,lazy_path_verifier,48,1.0,43.390080125,27.6953155,26.44002425,42.81297375,0.0,32.458333333333336,587.7708333333334,0.0,3.3958333333333335,0.3958333333333333
main_scaling,deep_sparse,0.05,oracle_signature,48,1.0,24.986955125000005,24.810617999999998,23.819802000000003,26.075878250000002,0.0,0.0,169.08333333333334,0.0,1.0,0.3958333333333333
main_scaling,deep_sparse,0.10,acs,48,1.0,31.692577041666663,30.662457500000002,29.745430750000004,33.82011275,0.0,0.0,166.10416666666666,8.0,1.0,1.25
main_scaling,deep_sparse,0.10,acs_path_checked,48,1.0,34.21257704166666,33.1824575,32.26543074999999,36.34011275,0.0,14.0,166.10416666666666,8.0,1.0,1.25
main_scaling,deep_sparse,0.10,blind_repair,48,1.0,221.8925770416666,129.667699,30.1650365,245.49545799999999,8.395833333333334,0.0,1615.2708333333333,0.0,9.395833333333334,1.25
main_scaling,deep_sparse,0.10,edge_verifier,48,1.0,141.00757704166668,141.30879199999998,138.05964525,144.98453675000002,0.0,631.75,166.10416666666666,0.0,1.0,1.25
main_scaling,deep_sparse,0.10,family_repair,48,1.0,54.22570204166666,49.1168,30.1650365,72.46689075,1.1666666666666667,0.0,363.875,0.0,2.1666666666666665,1.25
main_scaling,deep_sparse,0.10,lazy_path_verifier,48,1.0,84.15507704166666,56.227699,32.6850365,93.121382,0.0,74.375,1615.2708333333333,0.0,9.395833333333334,1.25
main_scaling,deep_sparse,0.10,oracle_signature,48,1.0,27.292577041666664,26.2624575,25.34543075,29.42011275,0.0,0.0,166.10416666666666,0.0,1.0,1.25
main_scaling,deep_sparse,0.20,acs,48,1.0,32.52449381249999,31.419066,29.162130750000003,34.54583025,0.0,0.0,161.64583333333334,8.0,1.0,1.7916666666666667
main_scaling,deep_sparse,0.20,acs_path_checked,48,1.0,35.0444938125,33.939066,31.68213075,37.06583025,0.0,14.0,161.64583333333334,8.0,1.0,1.7916666666666667
main_scaling,deep_sparse,0.20,blind_repair,48,1.0,341.32949381250006,168.211904,63.596450250000004,496.80650925,13.541666666666666,0.0,2476.8125,0.0,14.541666666666666,1.7916666666666667
main_scaling,deep_sparse,0.20,edge_verifier,48,1.0,139.13949381250006,140.068916,136.5628415,143.70881924999998,0.0,616.75,161.64583333333334,0.0,1.0,1.7916666666666667
main_scaling,deep_sparse,0.20,family_repair,48,1.0,67.44449381250001,63.786699999999996,47.4386935,96.31798350000001,1.7083333333333333,0.0,447.3125,0.0,2.7083333333333335,1.7916666666666667
main_scaling,deep_sparse,0.20,lazy_path_verifier,48,1.0,117.27824381250004,70.83190400000001,36.40775275,153.23150925,0.0,109.4375,2476.8125,0.0,14.541666666666666,1.7916666666666667
main_scaling,deep_sparse,0.20,oracle_signature,48,1.0,28.12449381250001,27.019066000000002,24.76213075,30.14583025,0.0,0.0,161.64583333333334,0.0,1.0,1.7916666666666667
main_scaling,deep_sparse,0.35,acs,48,1.0,35.64194212500001,34.819205499999995,31.213956500000002,38.29035475,0.0,0.0,155.5,8.0,1.0,2.875
main_scaling,deep_sparse,0.35,acs_path_checked,48,1.0,38.161942124999996,37.3392055,33.7339565,40.810354749999995,0.0,14.0,155.5,8.0,1.0,2.875
main_scaling,deep_sparse,0.35,blind_repair,48,1.0,870.7344421250001,667.511546,275.32959925,1367.16664075,36.395833333333336,0.0,6301.083333333333,0.0,37.395833333333336,2.875
main_scaling,deep_sparse,0.35,edge_verifier,48,1.0,136.991942125,137.377833,132.83624625,141.31109924999998,0.0,587.5,155.5,0.0,1.0,2.875
main_scaling,deep_sparse,0.35,family_repair,48,1.0,91.64569212499998,97.57110399999999,72.96400249999999,121.2203715,2.625,0.0,593.9583333333334,0.0,3.625,2.875
main_scaling,deep_sparse,0.35,lazy_path_verifier,48,1.0,265.70569212500004,206.863607,99.26741700000001,407.7666407500001,0.0,278.3125,6301.083333333333,0.0,37.395833333333336,2.875
main_scaling,deep_sparse,0.35,oracle_signature,48,1.0,31.241942124999998,30.4192055,26.8139565,33.89035475,0.0,0.0,155.5,0.0,1.0,2.875
main_scaling,deep_sparse,0.50,acs,48,1.0,42.269865625,39.9347295,34.63656675,47.28442525,0.0,0.0,135.35416666666666,8.0,1.0,4.5
main_scaling,deep_sparse,0.50,acs_path_checked,48,1.0,44.789865625,42.4547295,37.156566749999996,49.80442525,0.0,14.0,135.35416666666666,8.0,1.0,4.5
main_scaling,deep_sparse,0.50,blind_repair,48,1.0,1651.7023656249996,1693.309142,830.27619525,2318.11738975,70.8125,0.0,11442.270833333334,0.0,71.8125,4.5
main_scaling,deep_sparse,0.50,edge_verifier,48,1.0,130.719865625,133.3603285,127.695966,137.50564749999998,0.0,515.8333333333334,135.35416666666666,0.0,1.0,4.5
main_scaling,deep_sparse,0.50,family_repair,48,1.0,132.98674062500004,130.3753035,99.8059615,155.6515265,4.1875,0.0,793.4166666666666,0.0,5.1875,4.5
main_scaling,deep_sparse,0.50,lazy_path_verifier,48,0.9791666666666666,474.95059291666666,472.41289700000004,248.83119525,634.80242125,0.0,530.2916666666666,11385.895833333334,0.0,71.41666666666667,4.5
main_scaling,deep_sparse,0.50,oracle_signature,48,1.0,37.869865624999996,35.5347295,30.236566749999998,42.88442525,0.0,0.0,135.35416666666666,0.0,1.0,4.5
main_scaling,deep_sparse,0.65,acs,48,1.0,50.386613666666676,48.305919,40.215826,56.485862,0.0,0.0,127.52083333333333,8.0,1.0,5.3125
main_scaling,deep_sparse,0.65,acs_path_checked,48,1.0,52.906613666666665,50.825919,42.735826,59.005862,0.0,14.0,127.52083333333333,8.0,1.0,5.3125
main_scaling,deep_sparse,0.65,blind_repair,48,1.0,2290.952863666666,2360.4916725000003,1786.037904,2920.9656787500003,99.54166666666667,0.0,15234.729166666666,0.0,100.54166666666667,5.3125
main_scaling,deep_sparse,0.65,edge_verifier,48,1.0,132.2066136666667,132.5566685,124.62676125,140.07030025,0.0,479.0,127.52083333333333,0.0,1.0,5.3125
main_scaling,deep_sparse,0.65,family_repair,48,1.0,160.66661366666665,157.402012,131.77802699999998,184.73828925000004,5.0625,0.0,912.6875,0.0,6.0625,5.3125
main_scaling,deep_sparse,0.65,lazy_path_verifier,48,0.9583333333333334,640.8852874166668,661.1449025,509.657904,790.795151,0.0,762.2916666666666,15123.395833333334,0.0,99.66666666666667,5.3125
main_scaling,deep_sparse,0.65,oracle_signature,48,1.0,45.98661366666667,43.905919,35.815826,52.085862000000006,0.0,0.0,127.52083333333333,0.0,1.0,5.3125
main_scaling,deep_sparse,0.80,acs,48,1.0,65.52053354166667,64.75162,54.7711135,79.403346,0.0,0.0,99.16666666666667,8.0,1.0,6.729166666666667
main_scaling,deep_sparse,0.80,acs_path_checked,48,1.0,68.04053354166668,67.27162,57.2911135,81.923346,0.0,14.0,99.16666666666667,8.0,1.0,6.729166666666667
main_scaling,deep_sparse,0.80,blind_repair,48,1.0,2765.8011585416666,2733.022521,2268.2764542500004,3414.300357,122.14583333333333,0.0,16967.6875,0.0,123.14583333333333,6.729166666666667
main_scaling,deep_sparse,0.80,edge_verifier,48,1.0,128.0955335416667,128.857285,121.13798624999998,136.6665655,0.0,372.0833333333333,99.16666666666667,0.0,1.0,6.729166666666667
main_scaling,deep_sparse,0.80,family_repair,48,1.0,201.73365854166664,211.952743,184.89405275000001,228.58124425,6.291666666666667,0.0,1011.2708333333334,0.0,7.291666666666667,6.729166666666667
main_scaling,deep_sparse,0.80,lazy_path_verifier,48,0.8541666666666666,753.7458281249998,746.462018,581.58449725,894.821031,0.0,932.4375,16683.041666666668,0.0,120.83333333333333,6.729166666666667
main_scaling,deep_sparse,0.80,oracle_signature,48,1.0,61.120533541666646,60.35162,50.37111350000001,75.003346,0.0,0.0,99.16666666666667,0.0,1.0,6.729166666666667
main_scaling,low_label_density,0.00,acs,56,1.0,22.917400785714282,22.684775000000002,21.618859,23.415074,0.0,0.0,130.75,8.0,1.0,0.0
main_scaling,low_label_density,0.00,acs_path_checked,56,1.0,24.537400785714286,24.304775,23.238859,25.035074,0.0,9.0,130.75,8.0,1.0,0.0
main_scaling,low_label_density,0.00,blind_repair,56,1.0,18.51740078571428,18.284775,17.218859000000002,19.015074,0.0,0.0,130.75,0.0,1.0,0.0
main_scaling,low_label_density,0.00,edge_verifier,56,1.0,127.77097221428573,128.2304535,123.91949825,131.51450825,0.0,606.9642857142857,130.75,0.0,1.0,0.0
main_scaling,low_label_density,0.00,family_repair,56,1.0,18.51740078571428,18.284775,17.218859000000002,19.015074,0.0,0.0,130.75,0.0,1.0,0.0
main_scaling,low_label_density,0.00,lazy_path_verifier,56,1.0,20.137400785714284,19.904775,18.838859,20.635074,0.0,9.0,130.75,0.0,1.0,0.0
main_scaling,low_label_density,0.00,oracle_signature,56,1.0,18.51740078571428,18.284775,17.218859000000002,19.015074,0.0,0.0,130.75,0.0,1.0,0.0
main_scaling,low_label_density,0.05,acs,56,1.0,24.12189217857144,23.8879545,22.586031,25.13712125,0.0,0.0,131.92857142857142,8.0,1.0,0.44642857142857145
main_scaling,low_label_density,0.05,acs_path_checked,56,1.0,25.741892178571423,25.5079545,24.206031,26.75712125,0.0,9.0,131.92857142857142,8.0,1.0,0.44642857142857145
main_scaling,low_label_density,0.05,blind_repair,56,1.0,39.74742789285715,20.2045625,18.676349249999998,40.09525125,0.9107142857142857,0.0,253.01785714285714,0.0,1.9107142857142858,0.44642857142857145
main_scaling,low_label_density,0.05,edge_verifier,56,1.0,129.0236778928572,130.48847,122.811365,134.252081,0.0,607.2321428571429,131.92857142857142,0.0,1.0,0.44642857142857145
main_scaling,low_label_density,0.05,family_repair,56,1.0,26.775642178571427,20.2045625,18.676349249999998,39.712751250000004,0.32142857142857145,0.0,174.19642857142858,0.0,1.3214285714285714,0.44642857142857145
main_scaling,low_label_density,0.05,lazy_path_verifier,56,1.0,25.787785035714286,21.8245625,20.29634925,25.239158000000003,0.0,13.517857142857142,253.01785714285714,0.0,1.9107142857142858,0.44642857142857145
main_scaling,low_label_density,0.05,oracle_signature,56,1.0,19.72189217857143,19.4879545,18.186031,20.737121249999998,0.0,0.0,131.92857142857142,0.0,1.0,0.44642857142857145
main_scaling,low_label_density,0.10,acs,56,1.0,23.727353196428577,23.783676999999997,22.30821725,24.80136975,0.0,0.0,125.51785714285714,8.0,1.0,0.8214285714285714
main_scaling,low_label_density,0.10,acs_path_checked,56,1.0,25.347353196428575,25.403677000000002,23.92821725,26.42136975,0.0,9.0,125.51785714285714,8.0,1.0,0.8214285714285714
main_scaling,low_label_density,0.10,blind_repair,56,1.0,62.773781767857145,31.775544500000002,18.512823,81.8265715,1.9821428571428572,0.0,384.44642857142856,0.0,2.982142857142857,0.8214285714285714
main_scaling,low_label_density,0.10,edge_verifier,56,1.0,124.83628176785713,126.3968705,118.75003475,131.65387725,0.0,586.1607142857143,125.51785714285714,0.0,1.0,0.8214285714285714
main_scaling,low_label_density,0.10,family_repair,56,1.0,32.97360319642858,31.363271,18.512823,41.824794250000004,0.625,0.0,205.39285714285714,0.0,1.625,0.8214285714285714
main_scaling,low_label_density,0.10,lazy_path_verifier,56,1.0,30.241996053571427,23.6986175,20.132823000000002,31.09389925,0.0,17.482142857142858,384.44642857142856,0.0,2.982142857142857,0.8214285714285714
main_scaling,low_label_density,0.10,oracle_signature,56,1.0,19.327353196428568,19.383677,17.90821725,20.40136975,0.0,0.0,125.51785714285714,0.0,1.0,0.8214285714285714
main_scaling,low_label_density,0.20,acs,56,1.0,26.00391523214285,25.874429999999997,23.81776675,27.71962375,0.0,0.0,129.19642857142858,8.0,1.0,1.7678571428571428
main_scaling,low_label_density,0.20,acs_path_checked,56,1.0,27.623915232142867,27.49443,25.43776675,29.33962375,0.0,9.0,129.19642857142858,8.0,1.0,1.7678571428571428
main_scaling,low_label_density,0.20,blind_repair,56,1.0,205.44123666071422,98.376501,21.75721925,266.64631475,8.357142857142858,0.0,1242.8214285714287,0.0,9.357142857142858,1.7678571428571428
main_scaling,low_label_density,0.20,edge_verifier,56,1.0,128.0932009464286,129.569129,123.86587925,133.79464950000002,0.0,591.6071428571429,129.19642857142858,0.0,1.0,1.7678571428571428
main_scaling,low_label_density,0.20,family_repair,56,1.0,53.23998666071428,43.619794,21.75721925,67.95266825,1.4464285714285714,0.0,315.875,0.0,2.4464285714285716,1.7678571428571428
main_scaling,low_label_density,0.20,lazy_path_verifier,56,1.0,63.56909380357145,40.153037,23.377219250000003,76.70131475,0.0,47.535714285714285,1242.8214285714287,0.0,9.357142857142858,1.7678571428571428
main_scaling,low_label_density,0.20,oracle_signature,56,1.0,21.60391523214286,21.474429999999998,19.41776675,23.31962375,0.0,0.0,129.19642857142858,0.0,1.0,1.7678571428571428
main_scaling,low_label_density,0.35,acs,56,1.0,26.771772964285713,26.261775,24.2476675,29.29288575,0.0,0.0,123.55357142857143,8.0,1.0,2.875
main_scaling,low_label_density,0.35,acs_path_checked,56,1.0,28.391772964285703,27.881774999999998,25.8676675,30.912885749999997,0.0,9.0,123.55357142857143,8.0,1.0,2.875
main_scaling,low_label_density,0.35,blind_repair,56,1.0,313.2014158214286,218.14880349999999,101.61482175,471.68670099999997,13.196428571428571,0.0,1900.017857142857,0.0,14.196428571428571,2.875
main_scaling,low_label_density,0.35,edge_verifier,56,1.0,125.63070153571427,128.4081185,120.85207525000001,131.57436850000002,0.0,573.6607142857143,123.55357142857143,0.0,1.0,2.875
main_scaling,low_label_density,0.35,family_repair,56,1.0,74.62266582142857,68.85004,44.5280455,92.97312649999999,2.392857142857143,0.0,429.5357142857143,0.0,3.392857142857143,2.875
main_scaling,low_label_density,0.35,lazy_path_verifier,56,1.0,88.27213010714284,65.5088035,39.15482175,119.56604875000001,0.0,70.03571428571429,1900.017857142857,0.0,14.196428571428571,2.875
main_scaling,low_label_density,0.35,oracle_signature,56,1.0,22.37177296428572,21.861775,19.8476675,24.892885749999998,0.0,0.0,123.55357142857143,0.0,1.0,2.875
main_scaling,low_label_density,0.50,acs,56,1.0,28.939724125,28.815805,25.76662675,31.56062425,0.0,0.0,120.76785714285714,8.0,1.0,3.75
main_scaling,low_label_density,0.50,acs_path_checked,56,1.0,30.559724125000002,30.435805000000002,27.386626749999998,33.18062425,0.0,9.0,120.76785714285714,8.0,1.0,3.75
main_scaling,low_label_density,0.50,blind_repair,56,1.0,621.5991884107143,464.2722665,219.60354425,881.5559212500001,27.160714285714285,0.0,3726.3214285714284,0.0,28.160714285714285,3.75
main_scaling,low_label_density,0.50,edge_verifier,56,1.0,125.43615269642859,128.39873649999998,118.040605,132.70384125,0.0,560.5357142857143,120.76785714285714,0.0,1.0,3.75
main_scaling,low_label_density,0.50,family_repair,56,1.0,93.78186698214287,90.57118249999999,65.28979125000001,114.7888865,3.1785714285714284,0.0,521.6964285714286,0.0,4.178571428571429,3.75
main_scaling,low_label_density,0.50,lazy_path_verifier,56,1.0,157.65883126785712,120.59584100000001,67.15977050000001,220.58176500000002,0.0,138.625,3726.3214285714284,0.0,28.160714285714285,3.75
main_scaling,low_label_density,0.50,oracle_signature,56,1.0,24.539724124999996,24.415805,21.36662675,27.160624249999998,0.0,0.0,120.76785714285714,0.0,1.0,3.75
main_scaling,low_label_density,0.65,acs,56,1.0,34.463043428571446,35.4483975,30.431697250000003,37.05540775,0.0,0.0,120.10714285714286,8.0,1.0,5.392857142857143
main_scaling,low_label_density,0.65,acs_path_checked,56,1.0,36.08304342857143,37.0683975,32.051697250000004,38.67540775,0.0,9.0,120.10714285714286,8.0,1.0,5.392857142857143
main_scaling,low_label_density,0.65,blind_repair,56,1.0,1196.4512577142857,1054.5477685,635.1753785000001,1511.8485632499999,53.17857142857143,0.0,7092.571428571428,0.0,54.17857142857143,5.392857142857143
main_scaling,low_label_density,0.65,edge_verifier,56,1.0,129.01482914285717,129.59839749999998,123.95459274999999,134.772069,0.0,549.7321428571429,120.10714285714286,0.0,1.0,5.392857142857143
main_scaling,low_label_density,0.65,family_repair,56,1.0,134.58304342857141,136.827595,113.8269975,159.925802,4.803571428571429,0.0,721.9642857142857,0.0,5.803571428571429,5.392857142857143
main_scaling,low_label_density,0.65,lazy_path_verifier,56,0.9821428571428571,288.1694341071429,257.7742325,159.5703785,352.2512845,0.0,258.875,7043.875,0.0,53.82142857142857,5.392857142857143
main_scaling,low_label_density,0.65,oracle_signature,56,1.0,30.06304342857143,31.0483975,26.03169725,32.65540775,0.0,0.0,120.10714285714286,0.0,1.0,5.392857142857143
main_scaling,low_label_density,0.80,acs,56,1.0,40.14044442857142,39.6477585,35.396580750000005,45.875235249999996,0.0,0.0,118.41071428571429,8.0,1.0,6.535714285714286
main_scaling,low_label_density,0.80,acs_path_checked,56,1.0,41.76044442857143,41.2677585,37.01658075,47.49523525,0.0,9.0,118.41071428571429,8.0,1.0,6.535714285714286
main_scaling,low_label_density,0.80,blind_repair,56,1.0,1882.5543730000004,1970.5024055,1396.7259115,2390.6887020000004,84.75,0.0,10828.875,0.0,85.75,6.535714285714286
main_scaling,low_label_density,0.80,edge_verifier,56,1.0,133.1975872857143,134.7463775,129.81835875,138.30680125,0.0,541.4285714285714,118.41071428571429,0.0,1.0,6.535714285714286
main_scaling,low_label_density,0.80,family_repair,56,1.0,163.3449087142857,165.9360185,140.7022775,186.88420275000001,5.892857142857143,0.0,836.1785714285714,0.0,6.892857142857143,6.535714285714286
main_scaling,low_label_density,0.80,lazy_path_verifier,56,1.0,435.88794442857136,465.5323745,336.0309115,535.54259925,0.0,437.9642857142857,10828.875,0.0,85.75,6.535714285714286
main_scaling,low_label_density,0.80,oracle_signature,56,1.0,35.740444428571436,35.2477585,30.99658075,41.47523525,0.0,0.0,118.41071428571429,0.0,1.0,6.535714285714286
main_scaling,wide_dense,0.00,acs,48,1.0,23.036121395833337,23.054676,22.592509999999997,23.4253315,0.0,0.0,225.33333333333334,8.0,1.0,0.0
main_scaling,wide_dense,0.00,acs_path_checked,48,1.0,24.83612139583334,24.854675999999998,24.39251,25.225331500000003,0.0,10.0,225.33333333333334,8.0,1.0,0.0
main_scaling,wide_dense,0.00,blind_repair,48,1.0,18.63612139583334,18.654676000000002,18.192510000000002,19.0253315,0.0,0.0,225.33333333333334,0.0,1.0,0.0
main_scaling,wide_dense,0.00,edge_verifier,48,1.0,284.9161213958333,285.3416905,282.93862275000004,287.00266475,0.0,1479.3333333333333,225.33333333333334,0.0,1.0,0.0
main_scaling,wide_dense,0.00,family_repair,48,1.0,18.63612139583334,18.654676000000002,18.192510000000002,19.0253315,0.0,0.0,225.33333333333334,0.0,1.0,0.0
main_scaling,wide_dense,0.00,lazy_path_verifier,48,1.0,20.436121395833332,20.454676,19.99251,20.8253315,0.0,10.0,225.33333333333334,0.0,1.0,0.0
main_scaling,wide_dense,0.00,oracle_signature,48,1.0,18.63612139583334,18.654676000000002,18.192510000000002,19.0253315,0.0,0.0,225.33333333333334,0.0,1.0,0.0
main_scaling,wide_dense,0.05,acs,48,1.0,23.129432270833338,23.250898499999998,22.790208,23.445954,0.0,0.0,224.47916666666666,8.0,1.0,0.375
main_scaling,wide_dense,0.05,acs_path_checked,48,1.0,24.92943227083333,25.050898500000002,24.590207999999997,25.245953999999998,0.0,10.0,224.47916666666666,8.0,1.0,0.375
main_scaling,wide_dense,0.05,blind_repair,48,1.0,46.26380727083333,18.862866500000003,18.390208,26.11571875,1.1041666666666667,0.0,479.7916666666667,0.0,2.1041666666666665,0.375
main_scaling,wide_dense,0.05,edge_verifier,48,1.0,282.7519322708334,284.237301,282.28234525,286.20340575,0.0,1466.7916666666667,224.47916666666666,0.0,1.0,0.375
main_scaling,wide_dense,0.05,family_repair,48,1.0,27.011307270833328,18.862866500000003,18.390208,25.9170825,0.3333333333333333,0.0,300.5416666666667,0.0,1.3333333333333333,0.375
main_scaling,wide_dense,0.05,lazy_path_verifier,48,1.0,29.130057270833333,20.6628665,20.190208,23.460718749999998,0.0,15.229166666666666,479.7916666666667,0.0,2.1041666666666665,0.375
main_scaling,wide_dense,0.05,oracle_signature,48,1.0,18.729432270833332,18.8508985,18.390208,19.045954000000002,0.0,0.0,224.47916666666666,0.0,1.0,0.375
main_scaling,wide_dense,0.10,acs,48,1.0,23.145762541666667,22.956283,22.478096499999996,23.97181075,0.0,0.0,219.79166666666666,8.0,1.0,0.7916666666666666
main_scaling,wide_dense,0.10,acs_path_checked,48,1.0,24.945762541666664,24.756283,24.278096499999997,25.771810749999997,0.0,10.0,219.79166666666666,8.0,1.0,0.7916666666666666
main_scaling,wide_dense,0.10,blind_repair,48,1.0,77.02576254166668,31.738288,18.2902275,91.758281,2.3333333333333335,0.0,762.4583333333334,0.0,3.3333333333333335,0.7916666666666666
main_scaling,wide_dense,0.10,edge_verifier,48,1.0,280.6682625416667,281.8196385,278.07255825,285.20290950000003,0.0,1455.125,219.79166666666666,0.0,1.0,0.7916666666666666
main_scaling,wide_dense,0.10,family_repair,48,1.0,33.222637541666664,31.4566905,18.2902275,44.159982,0.5833333333333334,0.0,352.3541666666667,0.0,1.5833333333333333,0.7916666666666666
main_scaling,wide_dense,0.10,lazy_path_verifier,48,1.0,38.82826254166667,24.728891,20.090227499999997,41.538281,0.0,21.125,762.4583333333334,0.0,3.3333333333333335,0.7916666666666666
main_scaling,wide_dense,0.10,oracle_signature,48,1.0,18.74576254166666,18.556283,18.0780965,19.571810749999997,0.0,0.0,219.79166666666666,0.0,1.0,0.7916666666666666
main_scaling,wide_dense,0.20,acs,48,1.0,23.3091360625,23.494546999999997,22.606016,24.059327250000003,0.0,0.0,216.10416666666666,8.0,1.0,1.4791666666666667
main_scaling,wide_dense,0.20,acs_path_checked,48,1.0,25.109136062499996,25.294547,24.406015999999997,25.85932725,0.0,10.0,216.10416666666666,8.0,1.0,1.4791666666666667
main_scaling,wide_dense,0.20,blind_repair,48,1.0,149.4966360625,91.75971799999999,20.48049225,175.54947174999998,5.25,0.0,1419.0208333333333,0.0,6.25,1.4791666666666667
main_scaling,wide_dense,0.20,edge_verifier,48,1.0,274.9253860625,276.9932135,270.14018075,281.654259,0.0,1422.3125,216.10416666666666,0.0,1.0,1.4791666666666667
main_scaling,wide_dense,0.20,family_repair,48,1.0,48.2547610625,43.858747,20.48049225,68.4384335,1.1875,0.0,481.7916666666667,0.0,2.1875,1.4791666666666667
main_scaling,wide_dense,0.20,lazy_path_verifier,48,1.0,61.4766360625,41.323206,22.280492249999998,71.01447175,0.0,36.0,1419.0208333333333,0.0,6.25,1.4791666666666667
main_scaling,wide_dense,0.20,oracle_signature,48,1.0,18.909136062499993,19.094547,18.206015999999998,19.65932725,0.0,0.0,216.10416666666666,0.0,1.0,1.4791666666666667
main_scaling,wide_dense,0.35,acs,48,1.0,24.587520916666673,24.0648835,23.129053250000002,25.472818999999998,0.0,0.0,207.5,8.0,1.0,2.7916666666666665
main_scaling,wide_dense,0.35,acs_path_checked,48,1.0,26.38752091666666,25.8648835,24.92905325,27.272819,0.0,10.0,207.5,8.0,1.0,2.7916666666666665
main_scaling,wide_dense,0.35,blind_repair,48,1.0,731.5218959166665,418.46844799999997,120.03725525,879.71777275,28.708333333333332,0.0,6693.645833333333,0.0,29.708333333333332,2.7916666666666665
main_scaling,wide_dense,0.35,edge_verifier,48,1.0,265.2575209166667,267.414397,260.59495725,275.298782,0.0,1361.5,207.5,0.0,1.0,2.7916666666666665
main_scaling,wide_dense,0.35,family_repair,48,1.0,80.73252091666667,70.49210049999999,45.286556,103.31362750000001,2.4583333333333335,0.0,750.6666666666666,0.0,3.4583333333333335,2.7916666666666665
main_scaling,wide_dense,0.35,lazy_path_verifier,48,0.9791666666666666,223.81650029166676,144.778448,53.16725525,284.9897155,0.0,138.10416666666666,6008.875,0.0,26.6875,2.7916666666666665
main_scaling,wide_dense,0.35,oracle_signature,48,1.0,20.18752091666667,19.664883500000002,18.72905325,21.072819000000003,0.0,0.0,207.5,0.0,1.0,2.7916666666666665
main_scaling,wide_dense,0.50,acs,48,1.0,26.5333565,25.237364,24.183540999999998,28.746533499999998,0.0,0.0,189.97916666666666,8.0,1.0,3.9791666666666665
main_scaling,wide_dense,0.50,acs_path_checked,48,1.0,28.333356499999997,27.037364,25.983541,30.5465335,0.0,10.0,189.97916666666666,8.0,1.0,3.9791666666666665
main_scaling,wide_dense,0.50,blind_repair,48,1.0,1783.4683564999996,1190.058618,556.2853807500001,2346.4146327500002,71.47916666666667,0.0,16013.645833333334,0.0,72.47916666666667,3.9791666666666665
main_scaling,wide_dense,0.50,edge_verifier,48,1.0,245.2321065,248.87255900000002,240.87565650000002,264.5315165,0.0,1239.4375,189.97916666666666,0.0,1.0,3.9791666666666665
main_scaling,wide_dense,0.50,family_repair,48,1.0,114.3864815,118.52622400000001,93.43528375000001,143.92506425,3.7708333333333335,0.0,1002.5833333333334,0.0,4.770833333333333,3.9791666666666665
main_scaling,wide_dense,0.50,lazy_path_verifier,48,0.9166666666666666,517.4823481875001,373.0264335,185.57538075,734.28963275,0.0,329.1458333333333,14100.645833333334,0.0,63.645833333333336,3.9791666666666665
main_scaling,wide_dense,0.50,oracle_signature,48,1.0,22.1333565,20.837364,19.783541,24.3465335,0.0,0.0,189.97916666666666,0.0,1.0,3.9791666666666665
main_scaling,wide_dense,0.65,acs,48,1.0,32.12060962499999,27.983423000000002,25.271456,33.70481875,0.0,0.0,166.20833333333334,8.0,1.0,5.0625
main_scaling,wide_dense,0.65,acs_path_checked,48,1.0,33.920609625000004,29.783423,27.071455999999998,35.50481875,0.0,10.0,166.20833333333334,8.0,1.0,5.0625
main_scaling,wide_dense,0.65,blind_repair,48,0.9791666666666666,3056.431068375001,2721.7892279999996,1159.49437125,4306.8005487499995,125.54166666666667,0.0,25665.291666666668,0.0,126.52083333333333,5.0625
main_scaling,wide_dense,0.65,edge_verifier,48,1.0,221.91810962499997,229.4475745,199.56345625,252.367478,0.0,1078.875,166.20833333333334,0.0,1.0,5.0625
main_scaling,wide_dense,0.65,family_repair,48,1.0,141.354359625,144.060149,118.4682815,165.0149725,4.708333333333333,0.0,1129.0,0.0,5.708333333333333,5.0625
main_scaling,wide_dense,0.65,lazy_path_verifier,48,0.625,831.9628096666665,847.179228,373.31844,1320.4675000000002,0.0,518.2708333333334,21160.6875,0.0,102.125,5.0625
main_scaling,wide_dense,0.65,oracle_signature,48,1.0,27.720609624999998,23.583423000000003,20.871456,29.304818750000003,0.0,0.0,166.20833333333334,0.0,1.0,5.0625
main_scaling,wide_dense,0.80,acs,48,1.0,43.827220625,41.9774155,31.644386499999996,51.844384749999996,0.0,0.0,129.8125,8.0,1.0,6.708333333333333
main_scaling,wide_dense,0.80,acs_path_checked,48,1.0,45.62722062500001,43.777415500000004,33.4443865,53.64438475,0.0,10.0,129.8125,8.0,1.0,6.708333333333333
main_scaling,wide_dense,0.80,blind_repair,48,0.9583333333333334,5530.3556336041665,5276.9083835,4355.849974000001,7027.59925375,232.08333333333334,0.0,43609.0625,0.0,233.04166666666666,6.708333333333333
main_scaling,wide_dense,0.80,edge_verifier,48,1.0,187.34597062500004,195.684419,154.34696300000002,211.18702774999997,0.0,821.7708333333334,129.8125,0.0,1.0,6.708333333333333
main_scaling,wide_dense,0.80,family_repair,48,1.0,187.78722062500003,189.1161565,162.799069,209.99879975,6.229166666666667,0.0,1337.6458333333333,0.0,7.229166666666667,6.708333333333333
main_scaling,wide_dense,0.80,lazy_path_verifier,48,0.14583333333333334,1236.9369463541668,1304.0349999999999,1174.53453125,1405.0825,0.0,761.3125,29400.5,0.0,153.20833333333334,6.708333333333333
main_scaling,wide_dense,0.80,oracle_signature,48,1.0,39.427220625,37.5774155,27.2443865,47.44438475,0.0,0.0,129.8125,0.0,1.0,6.708333333333333
